"Write conversion requests to debug log","Sla conversie requests op in de debug log."
"You can find your Tenant ID on the integrations page in your bluebarry account.","Je kan jouw Tenant ID vinden op de integratie pagina van jouw Bluebarry account."
"Written to var/log/bluebarry.log. Only turn this on while troubleshooting.","Wordt opgeslagen in var/log/bluebarry.log. Zet dit alleen aan tijdens het oplossen van problemen."
"API Key","API-sleutel"
"Connects this website to bluebarry. Create one in bluebarry under Integrations: open the Developer area and click Manage next to API keys.","Verbindt deze website met bluebarry. Maak er een aan in bluebarry onder Integraties: open het Developer-gedeelte en klik op Beheren naast API-sleutels."
"Connection","Verbinding"
"%1 is connected to bluebarry.","%1 is verbonden met bluebarry."
"%1 is not connected to bluebarry: %2","%1 is niet verbonden met bluebarry: %2"
"Not connected: enter a Tenant ID and API key.","Niet verbonden: vul een Tenant ID en API-sleutel in."
"Connected, last heartbeat %1.","Verbonden, laatste contact %1."
"Not connected: %1","Niet verbonden: %1"
